painPointId,title,hyperlink,type,icon
1,Projects Feature Overview,https://monday.com/projects/features,website page,ğŸŒ
1,Everything to know about content management tools,https://monday.com/blog/marketing/content-management-tools/,blogpost,ğŸ“
1,Effective Project Tracking,https://monday.com/templates/project-tracking,website page,ğŸŒ
2,"How to manage a content marketing strategy for blog, video, and social",https://monday.com/blog/marketing/content-marketing-strategy/,blogpost,ğŸ“
2,How to create a content strategy (with a realistic schedule),https://monday.com/blog/marketing/how-to-create-a-content-strategy-and-realistic-publishing-schedule-for-your-blog/,blogpost,ğŸ“
3,Automation in Work Processes,https://monday.com/automations/,website page,ğŸŒ
3,Eliminating Repetitive Tasks,https://www.cflowapps.com/workflow-automation-statistics/,blogpost,ğŸ“
4,Organizing Boards for Efficiency,https://monday.com/blog/visual-project-management/,blogpost,ğŸ“
4,Nissan Customer Success Story,https://monday.com/customers/nissan-smyrna,video case study,ğŸ“¹
5,Secure Board Management,https://monday.com/blog/security/,blogpost,ğŸ“
5,monday.com Dashboards | Multiple Data Sources & TV Display,https://www.youtube.com/watch?v=X2JkbgZrBic,video,ğŸ“¹
6,Basic Reporting with Monday.com,https://support.monday.com/hc/en-us/articles/360013878299-Basic-reporting-with-monday-com,blogpost,ğŸ“
6,Mid Yorkshire NHS Trust Customer Success Story,https://monday.com/customers/nhs-mid-yorkshire,case study,ğŸ“Š
7,Secure Collaboration with External Partners,https://monday.com/blog/secure-collaboration/,blogpost,ğŸ“
7,Managing External Access,https://monday.com/features/external-collaboration,website page,ğŸŒ
8,Syncing Information Across Boards,https://monday.com/integrations/,website page,ğŸŒ
8,API References,https://developer.monday.com/api-reference/docs/basics,API docs,ğŸ”§
9,Content Production Workflow,https://monday.com/templates/content-planning,website page,ğŸŒ
9,Building workflows | monday.com webinars,https://www.youtube.com/watch?v=BqB4ejLWlew,webinar,ğŸ¥
10,Project schedule management: a complete guide,https://monday.com/blog/project-management/project-schedule-management/,blogpost,ğŸ“
10,How to never miss a deadline,https://monday.com/blog/productivity/never-miss-deadline-effective-method-managing-time/,blogpost,ğŸ“
11,Creative File Management,https://monday.com/templates/marketing-creative-requests,website page,ğŸŒ
11,Your guide to digital asset management,https://monday.com/blog/digital-asset-management/,blogpost,ğŸ“
12,Monday.com Tutorial | Managing Your Email Marketing,https://www.youtube.com/watch?v=E21Q42vgMFQ,video tutorial,ğŸ“¹
12,Tracking Email Performance,https://monday.com/blog/email-marketing/,blogpost,ğŸ“
13,API References,https://developer.monday.com/api-reference/docs/basics,API docs,ğŸ”§
13,Intuitive Marketing Template,https://monday.com/templates/marketing-campaign,templates,ğŸ“‹
14,Getting Started,https://monday.com/cs/gettingstarted-webinar,webinar,ğŸ¥
14,File Versioning,https://support.monday.com/hc/en-us/articles/360021698980-File-versioning,blogpost,ğŸ“
15,Cross Board Automation,https://support.monday.com/hc/en-us/articles/360011393900-Cross-board-automations,blogpost,ğŸ“
15,Staying Focused and Organized,https://monday.com/blog/stay-organized-at-work/,blogpost,ğŸ“
16,Resource Allocation and Workload Management,https://monday.com/templates/resource-management,website page,ğŸŒ
16,Preventing Team Burnout,https://monday.com/blog/prevent-employee-burnout/,blogpost,ğŸ“
17,Effective Notification Systems,https://monday.com/features/notifications,website page,ğŸŒ
17,API References,https://developer.monday.com/api-reference/docs/basics,API docs,ğŸ”§
18,Workflow Webinar,https://www.youtube.com/watch?v=k3GkCPVzV7s,webinar,ğŸ¥
18,Event management: how to plan and manage an event from start to finish,https://monday.com/blog/event-management/,blogpost,ğŸ“
19,Zippo Customer Success,https://monday.com/customers/zippo,case study,ğŸ“Š
19,Webinar Hub,https://monday.com/cs/webinars,website page,ğŸŒ