company_name,company_domain,company_industry,company_address,company_country,contact_firstname,contact_lastname,contact_email,contact_phone,contact_address,contact_country,contact_function,contact_department,deal_name,competitor,deal_stage,deal_amount,deal_type,deal_source,close_date,ticket_title,ticket_status,ticket_priority,conversation_thread,proponent_recommendation
Bryant-Scott,dixon-elliott.com,Healthcare,"PSC 1735, Box 5658, APO AP 78296",United States,Richard,Thomas,garciaanthony@example.net,+1-901-722-5461,"4051 Lewis Canyon Apt. 049, New Michelle, LA 34645",United States,Data Scientist,Engineering,Deal-53d1aa54-735c-4075-9d74-ee9d6021a625,Smartsheets,Presentation Scheduled,28000,New Business,Social Media,2024-05-19,Ticket-14cc3bb2-4bb1-4b17-9b44-f70de6fe17cd,On hold,Low,"Subject: Exploring Work Management Solutions with Monday.com

From: Richard Thomas, Data Scientist at Bryant-Scott
To: Mike Wilson, Sales Development Representative at Monday.com

Dear Mike,

I hope this email finds you well. At Bryant-Scott, a Healthcare company, we are currently exploring new work management solutions to enhance our team's productivity and collaboration. Our data science team has been facing challenges with task tracking, project visibility, and seamless communication. We are looking for a platform that can streamline our workflows and improve overall efficiency. Can you provide more information on how Monday.com can address these pain points and any relevant features that align with our requirements?

Looking forward to hearing from you.

Best regards,
Richard Thomas

-------------------------------------------------------------

Subject: Re: Exploring Work Management Solutions with Monday.com

From: Mike Wilson, Sales Development Representative at Monday.com
To: Richard Thomas, Data Scientist at Bryant-Scott

Hi Richard,

Thank you for reaching out and expressing interest in Monday.com. Our platform is designed to address the exact challenges you've highlighted. With Monday.com, you can easily track tasks, visualize project progress, and foster seamless communication among team members. Key features include customizable workflows, automated notifications, real-time updates, and integration capabilities with popular tools like Slack and Jira.

In terms of implementation and onboarding, we provide dedicated support to ensure a smooth transition for your team. We offer personalized training sessions and ongoing assistance to maximize the platform's benefits for your specific needs. Would you be open to discussing this further or having a demo to see how Monday.com can specifically benefit your data science team at Bryant-Scott?

Looking forward to your response.

Best regards,
Mike Wilson

-------------------------------------------------------------

Subject: Re: Exploring Work Management Solutions with Monday.com

From: Emily Patel, Project Manager at Bryant-Scott
To: Mike Wilson, Sales Development Representative at Monday.com

Hi Mike,

I'm Emily Patel, the Project Manager at Bryant-Scott. I've been looped into the conversation about exploring work management solutions. Can you provide insights into how Monday.com accommodates project planning and tracking, resource allocation, and reporting functionalities? I'm particularly interested in understanding how the platform can help us streamline our project workflows and improve overall project management efficiency.

Looking forward to your perspective.

Best regards,
Emily Patel

-------------------------------------------------------------

Subject: Re: Exploring Work Management Solutions with Monday.com

From: Mike Wilson, Sales Development Representative at Monday.com
To: Emily Patel, Project Manager at Bryant-Scott

Hi Emily,

Great to connect with you. Monday.com offers robust project planning and tracking features that can significantly enhance your project management processes. Our platform allows for detailed project breakdowns, resource allocation tracking, timeline visualization, and customizable reporting options to monitor progress effectively. Additionally, the platform's collaboration tools promote seamless communication and transparency across project teams.

I'd be happy to provide a more in-depth overview or schedule a demo to showcase how Monday.com can specifically address your project management needs at Bryant-Scott. Please let me know your availability for a call to further explore this.

Looking forward to our discussion.

Best regards,
Mike Wilson

-------------------------------------------------------------

Subject: Re: Exploring Work Management Solutions with Monday.com

From: Sarah Powers, Account Manager at Monday.com
To: Richard Thomas, Mike Wilson, Emily Patel, Bryant-Scott Team

Dear Richard, Mike, Emily, and the Bryant-Scott Team,

I hope this email finds you well. I am Sarah Powers, the Account Manager at Monday.com. I have been following the conversation regarding exploring work management solutions for Bryant-Scott. I would like to offer my assistance in addressing any additional questions or concerns you may have regarding how Monday.com can tailor to your unique workflows and requirements.

I propose scheduling a call or demo to delve deeper into your specific needs and showcase the platform's capabilities in more detail. Please let me know your availability, and we can coordinate a suitable time for a comprehensive discussion.

Looking forward to the opportunity to work with you all.

Best regards,
Sarah Powers","[11, 16, 10, 2, 7, 8, 14]"
"Thomas, Mendoza and Smith",perez-henry.com,Healthcare,"01995 Taylor Fields, West Allisonmouth, NV 36864",United States,Ethan,Williams,andreaharris@example.org,+1-800-240-5993,"5602 Christopher Highway Suite 916, Jeffreyport, HI 71870",United States,Recruiter,Human Resources,Deal-3f01fa59-5f79-4df6-b7c3-d0de33f0f6fb,Clickup,Appointment Scheduled,7000,New Business,Direct Traffic,2024-05-13,Ticket-da9ef1e0-fa04-4a6a-8f59-13e723e93394,Waiting on contact,High,"Subject: Exploring Monday.com Work Management Platform for Thomas, Mendoza and Smith

Email 1: Inquiry from Ethan Williams, Thomas, Mendoza and Smith

Dear Monday.com Sales Team,

I am Ethan Williams, the Recruiter at Thomas, Mendoza and Smith. We are currently exploring work management solutions to streamline our team's processes and improve collaboration. Our healthcare company is facing challenges with project tracking, task management, and overall team efficiency. We are interested in learning more about how Monday.com can address our specific pain points and requirements. 

Looking forward to hearing from you.

Best regards,
Ethan Williams

Email 2: Response from Mike Wilson, Monday.com Sales Development Representative

Subject: Re: Exploring Monday.com Work Management Platform for Thomas, Mendoza and Smith

Dear Ethan,

Thank you for reaching out and expressing interest in Monday.com. I'm Mike Wilson, a Sales Development Representative at Monday.com. 

Monday.com is a versatile work management platform that can help your team with project tracking, task management, and collaboration. Some key features include customizable workflows, task automation, real-time collaboration, and integration capabilities with other tools your team may already be using. 

I would be happy to discuss how Monday.com can specifically address the pain points at Thomas, Mendoza and Smith and provide insights on our implementation and onboarding process. When would be a convenient time for us to connect and delve deeper into your requirements?

Looking forward to our conversation.

Best regards,
Mike Wilson

Email 3: Involving Other Stakeholders from Thomas, Mendoza and Smith

Subject: Re: Exploring Monday.com Work Management Platform for Thomas, Mendoza and Smith

Dear Mike,

Thank you for your initial overview of Monday.com's capabilities. I am the Project Manager at Thomas, Mendoza and Smith, and I am curious about how the platform can help our team with project planning and execution. Could you provide more details on how Monday.com supports project management functionalities and if it can be customized to fit our specific project needs?

Looking forward to your insights.

Best regards,
[Project Manager's Name]

Email 4: Further Clarification from Sarah Powers, Monday.com Account Manager

Subject: Re: Exploring Monday.com Work Management Platform for Thomas, Mendoza and Smith

Dear [Project Manager's Name],

I appreciate your interest and inquiry regarding Monday.com's project management capabilities. I'm Sarah Powers, an Account Manager at Monday.com.

Monday.com offers robust project management features such as Gantt charts, timeline views, dependencies tracking, and progress monitoring. These features can be tailored to align with your team's project planning and execution requirements. I would be happy to schedule a call to demonstrate how Monday.com can be customized to fit your unique workflows and project needs.

Please let me know your availability for a call or demo so we can explore further.

Looking forward to assisting you.

Best regards,
Sarah Powers
Account Manager, Monday.com","[16, 3, 7, 8, 9, 9, 8]"
Sanchez and Sons,lewis.com,Retail,"097 Terrell Cliff, Port Joelchester, GU 38253",United States,Susan,Murphy,mjones@example.org,+1-542-389-5828x343,"979 Flowers Ports, Mortonland, NV 22522",United States,Recruiter,Human Resources,Deal-1e9e83d3-75f3-4971-870d-d89aeb93f3f7,,Presentation Scheduled,7000,Existing Business,Paid Search,2024-04-27,Ticket-4bff5bc3-78b2-4007-8a83-994343b5e4bf,New,High,"**Email 1: Initial Inquiry from Sanchez and Sons**

Subject: Exploring Work Management Solutions for Sanchez and Sons

Dear Mike,

I hope this email finds you well. I am Susan Murphy, the Recruiter at Sanchez and Sons, a retail company based in Chicago. We are currently exploring options for a more efficient work management solution for our team. Our current processes are becoming cumbersome, leading to delays and inefficiencies in our operations.

We are interested in learning more about the capabilities of the Monday.com platform and how it can address our specific pain points. We are looking for a solution that can streamline task management, improve collaboration among team members, and enhance overall productivity. Could you please provide some information on how Monday.com can meet these needs?

I look forward to hearing from you soon.

Best regards,
Susan Murphy
Recruiter
Sanchez and Sons

---

**Email 2: Response from Mike Wilson, Monday.com SDR**

Subject: Re: Exploring Work Management Solutions for Sanchez and Sons

Dear Susan,

Thank you for reaching out and expressing interest in Monday.com for your work management needs. I'm Mike Wilson, a Sales Development Representative at Monday.com, and I'm excited to assist you.

Monday.com is a versatile platform that offers a range of features to streamline task management, enhance collaboration, and boost productivity. Some key capabilities include customizable workflows, task tracking, real-time collaboration, and integrations with various tools to ensure a seamless work environment.

I would be happy to discuss in more detail how Monday.com can specifically address the pain points at Sanchez and Sons. Additionally, I can provide insights into our implementation and onboarding process to ensure a smooth transition for your team.

Looking forward to the opportunity to further discuss how Monday.com can benefit your organization.

Warm regards,
Mike Wilson
Sales Development Representative
Monday.com

---

**Email 3: Involving Additional Stakeholders from Sanchez and Sons**

Subject: Re: Exploring Work Management Solutions for Sanchez and Sons

Dear Mike,

Thank you for your prompt response and the overview of Monday.com's capabilities. I have shared your email with our project managers and department heads at Sanchez and Sons. They are keen to learn more about how Monday.com can align with their specific workflows and requirements.

Our project managers are particularly interested in understanding how project tracking and reporting can be enhanced through Monday.com. Meanwhile, our department heads are looking for insights on how the platform can improve cross-departmental collaboration and communication.

Could you provide more details on these aspects to address the needs of our various teams? It would be great to schedule a call or demo to delve deeper into these discussions.

Looking forward to your insights.

Best regards,
Susan Murphy
Recruiter
Sanchez and Sons

---

**Email 4: Detailed Response from Sarah Powers, Monday.com Account Manager**

Subject: Re: Exploring Work Management Solutions for Sanchez and Sons

Dear Susan, Mike, and Team at Sanchez and Sons,

I'm Sarah Powers, an Account Manager at Monday.com, and I'm thrilled to continue our discussions on how our platform can cater to the diverse needs of your organization. Thank you for involving your project managers and department heads in the conversation.

In response to your specific inquiries, our platform excels in providing robust project tracking and reporting functionalities that can be tailored to each project's requirements. We offer customizable dashboards, Gantt charts, and automated reporting features to ensure real-time visibility and accountability across projects.

Moreover, when it comes to cross-departmental collaboration, Monday.com offers intuitive communication tools, integrations with popular apps, and the flexibility to create custom workflows that seamlessly connect different teams within your organization.

I propose setting up a call or demo at your convenience to showcase these features in action and discuss how we can customize the platform to fit Sanchez and Sons' unique workflows. Please let me know a suitable time for this session so we can dive deeper into exploring the possibilities together.

Looking forward to our upcoming conversation.

Warm regards,
Sarah Powers
Account Manager
Monday.com","[14, 1, 4, 18, 11, 16, 6]"
"Wright, Brown and Martinez",mcclain-preston.org,Finance,"06304 Smith Well Suite 733, Strongville, RI 95923",United States,Misty,Morrison,natashablake@example.org,001-968-784-2720x73308,"48789 David Mission Apt. 838, Jensenview, LA 02500",United States,Account Executive,Sales,Deal-e5be44d5-7a01-4235-b2e0-0b82a16cab98,Asana,Decision Maker Brought-In,40000,New Business,Direct Traffic,2024-06-17,Ticket-7f2e7fb5-0ed0-480b-8df9-af321a65b900,Waiting on us,Low,"Subject: Exploring a Better Work Management Solution for Wright, Brown and Martinez

From: Misty Morrison, Account Executive at Wright, Brown and Martinez
To: Monday.com Sales Team

Dear Team,

I hope this message finds you well. We are currently exploring options for a more efficient work management solution for our team at Wright, Brown and Martinez. Our current tools are not meeting our needs, and we are keen to find a platform that can streamline our workflows and enhance collaboration among our teams. We are particularly interested in features that can help us with project tracking, task management, and team communication. Could you please provide more information about how Monday.com could address these pain points? We are also curious about the implementation process and onboarding support available.

Looking forward to hearing from you.

Best regards,
Misty Morrison

---

From: Mike Wilson, Sales Development Representative at Monday.com
To: Misty Morrison, Account Executive at Wright, Brown and Martinez

Dear Misty,

Thank you for reaching out and expressing interest in Monday.com. Our platform offers robust features designed to enhance work management and collaboration. With Monday.com, you can track projects, manage tasks effectively, and improve team communication through customizable workflows and seamless integrations with popular tools.

In terms of implementation, we provide comprehensive onboarding support to ensure a smooth transition for your team. Our team will work closely with you to understand your requirements and tailor the platform to suit your specific needs. We believe Monday.com can be a valuable asset to Wright, Brown and Martinez in optimizing your work processes.

Please let me know if you have any further questions or if there are specific areas you would like to explore in more detail.

Best regards,
Mike Wilson

---

From: Brenda Lee, Project Manager at Wright, Brown and Martinez
To: Mike Wilson, Sales Development Representative at Monday.com

Hi Mike,

I'm Brenda, one of the project managers at Wright, Brown and Martinez. I'm excited about the potential of integrating Monday.com into our workflow. Could you provide more details on how the platform supports project planning and tracking? I'm also curious about the reporting capabilities and how Monday.com can help us stay on top of deadlines and milestones.

Looking forward to hearing from you.

Best regards,
Brenda Lee

---

From: Sarah Powers, Account Manager at Monday.com
To: Brenda Lee, Project Manager at Wright, Brown and Martinez

Dear Brenda,

Thank you for your interest in Monday.com. I'm Sarah, the Account Manager assigned to assist you with your inquiries. Our platform offers robust project planning and tracking features, allowing you to create detailed project timelines, assign tasks, and visualize project progress in real-time. Additionally, our reporting tools enable you to generate custom reports to track key metrics and ensure project alignment with deadlines and milestones.

I would be happy to schedule a call or demo to walk you through these features in more detail and discuss how Monday.com can be tailored to meet your project management needs at Wright, Brown and Martinez. Please let me know a convenient time for you.

Looking forward to our discussion.

Best regards,
Sarah Powers","[11, 7, 4, 6, 2, 1, 9]"
Mccarthy-Johns,wilson.com,Healthcare,"17049 Kyle Ford Suite 599, Port Ronaldside, MP 71658",United States,Stacy,Byrd,jsteele@example.org,(351)273-6158x26358,"18801 Zimmerman Dale Apt. 920, North Krystal, MN 53258",United States,Content Writer,Marketing,Deal-d07daf93-78b6-400e-abb9-fb5ea89c5266,Notion,Appointment Scheduled,25000,Existing Business,Direct Traffic,2024-07-04,Ticket-d1842f9a-f230-4eac-bc90-49053713058b,New,Low,"**Email 1: Initial Inquiry from Stacy Byrd at Mccarthy-Johns**

Subject: Inquiry Regarding Work Management Platform

Dear Monday.com Team,

I hope this email finds you well. I am Stacy Byrd, the Content Writer at Mccarthy-Johns, a healthcare company. We are currently in search of a more efficient work management solution for our team. Our current tools are falling short in terms of collaboration, task tracking, and overall project visibility. 

We are looking for a platform that can streamline our workflows, enhance team communication, and provide robust reporting capabilities. Could you please provide more information on how Monday.com can address these pain points and meet our specific requirements?

I look forward to hearing from you.

Best regards,
Stacy Byrd


**Email 2: Response from Mike Wilson, Sales Development Representative at Monday.com**

Subject: Re: Inquiry Regarding Work Management Platform

Dear Stacy,

Thank you for reaching out and expressing interest in Monday.com for your work management needs. I'm Mike Wilson, a Sales Development Representative at Monday.com. 

Our platform offers a range of features tailored to improve collaboration, task management, and project visibility. With Monday.com, you can create customizable workflows, assign tasks, track progress in real-time, and generate detailed reports.

In terms of implementation and onboarding, we provide dedicated support to ensure a smooth transition for your team. Our specialists will work closely with you to set up the platform according to your specific requirements and provide comprehensive training.

I would be happy to discuss further how Monday.com can address your team's needs. Please let me know a convenient time for a call to delve deeper into your requirements.

Looking forward to your response.

Best regards,
Mike Wilson


**Email 3: Involving Project Manager at Mccarthy-Johns**

Subject: Re: Inquiry Regarding Work Management Platform

Dear Mike,

Thank you for your detailed response. As the Project Manager at Mccarthy-Johns, I am particularly interested in understanding how Monday.com can support project planning, resource allocation, and timeline management. 

Could you provide examples of how your platform has helped similar healthcare organizations optimize their project management processes?

I look forward to learning more about the possibilities with Monday.com.

Best regards,
[Project Manager at Mccarthy-Johns]


**Email 4: Response from Sarah Powers, Account Manager at Monday.com**

Subject: Re: Inquiry Regarding Work Management Platform

Dear [Project Manager at Mccarthy-Johns],

Thank you for your inquiry and interest in Monday.com. I'm Sarah Powers, an Account Manager at Monday.com. 

Our platform has been instrumental in assisting healthcare organizations like yours in streamlining project planning, optimizing resource allocation, and ensuring efficient timeline management. Through customizable boards, automation features, and integrations, we can tailor the platform to align with your specific project management needs.

I would be delighted to schedule a call and walkthrough to demonstrate how Monday.com can be customized to enhance your project workflows. Please let me know your availability so we can arrange a suitable time.

Looking forward to the opportunity to collaborate.

Warm regards,
Sarah Powers","[4, 9, 11, 16, 7, 6, 15]"
Berry-Weeks,hester-carroll.org,Finance,"342 Jeffery Lake Suite 651, Hernandezbury, WI 84367",United States,Kimberly,Reed,hernandezkristin@example.net,755.536.5945x529,"90518 Rebecca Expressway, West Jean, ID 11337",United States,Product Manager,Engineering,Deal-994fa138-5731-4cd2-8221-3571050f6ca2,,Qualified To Buy,31000,New Business,Paid Search,2024-06-28,Ticket-9bfc5190-c2a3-4fd2-bfd7-195873cc196c,Waiting on contact,High,"**Email Thread:**

---

**From: Kimberly Reed, Product Manager at Berry-Weeks**

Subject: Inquiry about Work Management Platform

Hi Mike,

I'm Kimberly Reed, the Product Manager at Berry-Weeks. We are looking for a better work management solution for our team. We are currently facing challenges with project tracking, collaboration, and task prioritization. I'm interested in learning more about how Monday.com can address our specific pain points and requirements. Could we schedule a call to discuss further?

Looking forward to hearing from you.

Best regards,  
Kimberly

---

**From: Mike Wilson, Sales Development Representative at Monday.com**

Subject: Re: Inquiry about Work Management Platform

Hi Kimberly,

Thank you for reaching out. I'm glad to hear about your interest in Monday.com. Our platform offers robust features for project tracking, team collaboration, and task prioritization. With customizable workflows and intuitive interface, Monday.com can streamline your work processes effectively.

In terms of implementation, we provide dedicated onboarding support to ensure a smooth transition for your team. Let's schedule a call to delve deeper into your requirements and explore how Monday.com can address your specific needs.

Looking forward to discussing further.

Best regards,  
Mike

---

**From: Jennifer Hayes, Project Manager at Berry-Weeks**

Subject: Re: Inquiry about Work Management Platform

Hi Mike,

I'm Jennifer Hayes, the Project Manager at Berry-Weeks. I'm curious about how Monday.com can help our project management team with resource allocation and timeline tracking. Can you provide more details on these aspects and share any success stories from similar clients?

Appreciate your insights.

Best regards,  
Jennifer

---

**From: Mike Wilson, Sales Development Representative at Monday.com**

Subject: Re: Inquiry about Work Management Platform

Hi Jennifer,

Thank you for your question. Monday.com offers robust resource allocation tools and timeline tracking features to help project managers like yourself effectively manage projects. I'd be happy to share success stories and case studies that demonstrate how Monday.com has helped similar clients achieve their project management goals.

Let's schedule a call to discuss in detail and address any other questions you may have.

Looking forward to our conversation.

Best regards,  
Mike

---

**From: Sarah Powers, Account Manager at Monday.com**

Subject: Setting Up a Demo

Hi Kimberly, Jennifer, and Team at Berry-Weeks,

I'm Sarah Powers, the Account Manager at Monday.com. Following the discussions with Mike, I'd like to set up a demo for us to dive deeper into how Monday.com can be tailored to meet your unique workflows and requirements.

Please let me know your availability so we can schedule a demo at your convenience.

Looking forward to showcasing the capabilities of Monday.com to your team.

Best regards,  
Sarah","[10, 14, 5, 6, 11, 15, 4]"
Wall-Phillips,woods.net,Finance,"Unit 9651 Box 0559, DPO AP 91877",United States,Angela,Dougherty,joshualopez@example.net,001-926-371-5047x00675,"646 David Underpass Suite 424, New Kellybury, MA 64045",United States,Content Writer,Marketing,Deal-b2efd2a8-9eab-446a-86bd-3307246e0271,Smartsheets,Qualified To Buy,25000,Existing Business,Direct Traffic,2024-06-06,Ticket-dea01dc4-d182-4aee-b2c4-fb2d2b366777,On hold,High,"Subject: Exploring Work Management Solutions with Monday.com

---

**Email 1: Initial Inquiry from Wall-Phillips**

From: Angela Dougherty, Content Writer at Wall-Phillips
To: Monday.com Sales Team

Subject: Inquiry Regarding Work Management Platform

Dear Monday.com Sales Team,

I'm Angela Dougherty, the Content Writer at Wall-Phillips. We are currently exploring options for a more efficient work management solution for our team. Our current tools are falling short in terms of collaboration, task tracking, and project visibility. We are looking for a platform that can streamline our workflows and improve overall productivity. 

Could you provide more information about how Monday.com can address these pain points and if you offer customization options to tailor the platform to our specific needs?

Looking forward to hearing from you.

Best regards,
Angela

---

**Email 2: Initial Response from Monday.com**

From: Mike Wilson, Sales Development Representative at Monday.com
To: Angela Dougherty, Wall-Phillips

Subject: Re: Inquiry Regarding Work Management Platform

Hi Angela,

Thank you for reaching out and expressing interest in Monday.com. I'm Mike Wilson, a Sales Development Representative at Monday.com.

Our platform offers a range of features that can address your team's needs, including customizable workflows, real-time collaboration, task tracking, and extensive project visibility through various view options. We also provide templates and integrations to streamline your processes.

In terms of implementation and onboarding, we have a dedicated team to guide you through the setup process and ensure a smooth transition for your team.

I'd be happy to discuss further and provide a demo to showcase how Monday.com can be tailored to your specific requirements. When would be a good time for a call to delve deeper into your needs?

Looking forward to the opportunity to work with Wall-Phillips.

Best regards,
Mike

---

**Email 3: Introduction of Stakeholders from Wall-Phillips**

From: Angela Dougherty, Content Writer at Wall-Phillips
To: Mike Wilson, Monday.com

Cc: [Project Manager], [Department Head], [IT Personnel]

Subject: Re: Inquiry Regarding Work Management Platform

Hi Mike,

Thank you for your prompt response. I've cc'd our Project Manager, Department Head, and IT Personnel to join the conversation. They each have specific questions and insights regarding our work management needs.

We are excited to explore how Monday.com can benefit our team and improve our workflows. Let's coordinate a call to discuss further.

Looking forward to hearing from you.

Best,
Angela

---

**Email 4: Detailed Discussion and Call Setup**

From: Sarah Powers, Account Manager at Monday.com
To: Angela Dougherty, Wall-Phillips

Cc: Mike Wilson, Monday.com

Subject: Re: Inquiry Regarding Work Management Platform

Hi Angela and Team at Wall-Phillips,

I'm Sarah Powers, the Account Manager at Monday.com. I understand that you are interested in exploring how our platform can address your work management needs. 

I appreciate the introduction to your Project Manager, Department Head, and IT Personnel. I will work with Mike to schedule a call where we can delve deeper into your workflows, requirements, and any specific challenges you are facing. This will help us tailor a demo to showcase how Monday.com can be a perfect fit for Wall-Phillips.

I look forward to our discussion and collaboration ahead.

Best regards,
Sarah","[7, 17, 18, 18, 14, 4, 12]"
Young-Phelps,richardson-bryant.info,Real Estate,"78559 Cohen Squares, Jessicaton, OR 16632",United States,Danielle,Reeves,travis36@example.org,(853)788-2976,"USS Smith, FPO AE 47219",United States,Training Specialist,Human Resources,Deal-d9877fcf-721a-4b51-82ff-9a6f718ed16f,,Appointment Scheduled,4000,New Business,Paid Search,2024-07-01,Ticket-791e1dca-5ade-4574-a016-f78270934293,Waiting on contact,Low,"Subject: Exploring a Better Work Management Solution for Young-Phelps Real Estate

Email 1: Inquiry from Danielle Reeves, Training Specialist at Young-Phelps
From: Danielle Reeves
To: Monday.com Sales Team

Dear Monday.com Sales Team,

I hope this email finds you well. I'm Danielle Reeves, the Training Specialist at Young-Phelps Real Estate. We are currently seeking a more robust work management solution to streamline our team's processes and increase overall efficiency.

At Young-Phelps, we are facing challenges with task allocation, progress tracking, and collaboration across various departments. We are looking for a platform that can centralize our workflows, provide clear visibility into project statuses, and enhance team communication. Additionally, integration capabilities with existing tools and customizable features are essential for us to align the platform with our unique requirements.

I came across Monday.com and was impressed by the features outlined on your website. I believe your platform could potentially address our pain points and help us achieve our productivity goals. I would appreciate it if someone from your team could provide more information on how Monday.com can cater to our specific needs at Young-Phelps.

Looking forward to hearing from you.

Best regards,
Danielle Reeves

Email 2: Response from Mike Wilson, Sales Development Representative at Monday.com
From: Mike Wilson
To: Danielle Reeves

Dear Danielle,

Thank you for reaching out and expressing interest in Monday.com for your work management needs at Young-Phelps Real Estate. I'm Mike Wilson, a Sales Development Representative at Monday.com, and I'm excited to assist you in exploring our platform further.

Monday.com offers a highly customizable and user-friendly interface that can help your team centralize tasks, track progress in real-time, and improve collaboration across departments. Our platform supports integrations with various tools to ensure seamless workflow transitions and enhanced productivity.

To facilitate a smooth onboarding process, we provide comprehensive training and support to ensure your team can leverage the platform effectively from day one. Our implementation specialists will work closely with you to understand your specific requirements and tailor the platform to suit your unique workflows at Young-Phelps.

I would be happy to schedule a call to discuss in more detail how Monday.com can address your pain points and enhance your team's efficiency. Please let me know a convenient time for you to further explore the possibilities.

Looking forward to the opportunity to work together.

Best regards,
Mike Wilson

Email 3: Involving Other Stakeholders from Young-Phelps
From: Danielle Reeves
To: Mike Wilson, Monday.com Sales Team

Dear Mike,

Thank you for your prompt response and detailed overview of how Monday.com can benefit our team at Young-Phelps Real Estate. I appreciate the focus on customization and support during the onboarding process.

As we move forward with evaluating the platform, I would like to involve our project managers, department heads, and IT personnel to gather their insights and address any specific questions they may have regarding the implementation and integration aspects. It's important for us to ensure alignment across all stakeholders before proceeding further.

Could you please provide additional information or resources that I can share with our team to facilitate a more informed discussion?

Looking forward to your guidance on next steps.

Best regards,
Danielle Reeves

Email 4: Detailed Response from Sarah Powers, Account Manager at Monday.com
From: Sarah Powers
To: Danielle Reeves, Mike Wilson

Dear Danielle, Mike, 

I hope this email finds you well. I'm Sarah Powers, an Account Manager at Monday.com, and I'm thrilled to support Young-Phelps Real Estate in exploring how our platform can enhance your work management processes.

I understand the importance of involving various stakeholders in the evaluation process to ensure a comprehensive understanding of the platform's capabilities and alignment with your organization's goals. I'm here to address any specific questions or concerns raised by project managers, department heads, and IT personnel to ensure a smooth transition to Monday.com.

I propose setting up a call or demo session where we can delve deeper into your requirements, tailor the platform to match your unique workflows, and showcase how Monday.com can optimize your team's productivity and collaboration. This interactive session will allow us to demonstrate key features, discuss integration possibilities, and address any technical queries that may arise.

Please let me know your availability for a call so we can coordinate a suitable time to engage all stakeholders and kick off a more detailed evaluation of Monday.com for Young-Phelps Real Estate.

Looking forward to our upcoming discussion.

Best regards,
Sarah Powers

---

This email thread demonstrates the progression from the initial inquiry to involving multiple stakeholders and setting up a call for a thorough evaluation of the Monday.com platform tailored to the unique needs of Young-Phelps Real Estate.","[15, 1, 17, 2, 13, 5, 7]"
Norman-Day,simmons.com,Real Estate,"1661 Nicole Prairie Suite 689, Rodriguezton, TN 89843",United States,Jason,Strickland,gmartin@example.net,+1-577-846-7616x6740,"262 Kim Motorway, Muellerport, WA 93192",United States,HR Manager,Human Resources,Deal-e7fcce33-5a90-44fb-8015-35566a5722fa,Asana,Qualified To Buy,34000,New Business,Direct Traffic,2024-06-10,Ticket-9a03c503-5671-44d1-b0d5-fa3b528784c9,New,High,"Subject: Exploring Work Management Solutions for Norman-Day Real Estate

Email 1: Inquiry from Jason Strickland, HR Manager at Norman-Day

Dear Monday.com Sales Team,

I hope this email finds you well. I am Jason Strickland, the HR Manager at Norman-Day Real Estate. We are currently exploring options to streamline our work management processes and enhance collaboration within our team. We are facing challenges with task prioritization, tracking project progress, and ensuring effective communication across departments.

I came across Monday.com and its reputation for providing comprehensive work management solutions. Could you please provide more information about your platform and how it could address our specific pain points and requirements?

Looking forward to learning more about how Monday.com can benefit our organization.

Best regards,
Jason Strickland
HR Manager
Norman-Day Real Estate

Email 2: Response from Mike Wilson, Sales Development Representative at Monday.com

Subject: Re: Exploring Work Management Solutions for Norman-Day Real Estate

Dear Jason,

Thank you for reaching out and expressing interest in Monday.com as a potential work management solution for Norman-Day Real Estate. I'm Mike Wilson, a Sales Development Representative at Monday.com.

Our platform offers a range of features designed to streamline work processes, enhance collaboration, and improve overall efficiency. Some key capabilities include customizable workflows, task prioritization, real-time project tracking, visual progress dashboards, and seamless communication tools.

To address your specific pain points, we can tailor the platform to suit your team's unique needs and workflows. Our implementation and onboarding process is designed to be smooth and efficient, ensuring a seamless transition for your team.

I would be happy to schedule a call to discuss your requirements in more detail and provide a personalized overview of how Monday.com can benefit Norman-Day Real Estate. Please let me know a convenient time for you.

Looking forward to the opportunity to further explore how Monday.com can support your team.

Best regards,
Mike Wilson
Sales Development Representative
Monday.com

Email 3: Involving Other Stakeholders from Norman-Day

CC: Sarah Powers, Account Manager at Monday.com

Dear Mike,

Thank you for your prompt response and the overview of Monday.com's features. As we move forward with evaluating work management solutions, I would like to involve other stakeholders from Norman-Day, including our project managers, department heads, and IT personnel. They may have specific questions and concerns that would help us make an informed decision.

I appreciate your willingness to schedule a call to discuss our requirements further. Let's coordinate a time that works for all parties involved.

Looking forward to the next steps in exploring how Monday.com can fit into our workflows.

Best regards,
Jason Strickland
HR Manager
Norman-Day Real Estate

Email 4: Sarah Powers, Account Manager at Monday.com

Subject: Re: Involving Other Stakeholders from Norman-Day

Dear Jason, Mike, and Team at Norman-Day Real Estate,

I hope this email finds you well. I am Sarah Powers, the Account Manager at Monday.com. I have been looped into the conversation and am excited to work with your team to explore how our platform can address your work management needs effectively.

I understand the importance of involving various stakeholders to ensure that the solution aligns with the unique workflows of each department. I am here to address any specific questions or concerns that may arise during our discussions.

Let's schedule a call or demo to dive deeper into your requirements and explore how we can customize Monday.com to suit Norman-Day Real Estate's specific needs. Please let me know your availability so we can coordinate a meeting that accommodates all stakeholders.

Looking forward to our collaboration and finding the best work management solution for your team.

Best regards,
Sarah Powers
Account Manager
Monday.com","[8, 12, 3, 6, 16, 7, 18]"
"King, Stewart and Delgado",yates.com,Real Estate,"22604 Foster Spurs, Port Jane, MO 69449",United States,Alan,Williams,hutchinsonelizabeth@example.net,404-642-0689x506,"USCGC Jefferson, FPO AE 13682",United States,Sales Manager,Sales,Deal-7464512b-52b7-423c-86a3-04f97bc04f19,,Qualified To Buy,19000,Existing Business,Organic Search,2024-06-25,Ticket-b67b7cb8-6299-44e9-af94-5233cf2a9eda,Waiting on contact,High,"Subject: Re: Inquiry from King, Stewart and Delgado - Work Management Platform Evaluation

Hi Alan,

I hope this email finds you well. My name is Mike Wilson, and I'm a Sales Development Representative at Monday.com. I understand that King, Stewart and Delgado is looking for a better work management solution for your team. Thank you for considering Monday.com as a potential partner in this endeavor.

To provide you with an initial overview, Monday.com is a versatile work management platform that offers a wide range of features designed to streamline workflows, improve collaboration, and enhance productivity. Some key capabilities of our platform include customizable task tracking, interactive dashboards, seamless communication tools, and integration with popular third-party apps.

In terms of implementation and onboarding, we have a dedicated team that will work closely with you to ensure a smooth transition to our platform. Our goal is to make the onboarding process as efficient and tailored to your specific needs as possible.

I would love to schedule a call to discuss your requirements further and explore how Monday.com can address the pain points you've mentioned. Please let me know a convenient time for a call or if you have any specific questions in mind.

Looking forward to the opportunity to assist you.

Best regards,
Mike Wilson
Sales Development Representative
Monday.com

--------------------------------------------------------------------------------------------------------------------------------

Subject: Re: Re: Inquiry from King, Stewart and Delgado - Work Management Platform Evaluation

Hi Mike,

Thank you for reaching out and providing an overview of Monday.com's capabilities. I appreciate your willingness to assist us in finding a suitable work management solution.

I'm looping in Sarah Powers, our Project Manager, who will be directly involved in evaluating potential platforms like Monday.com. Sarah, could you please share any specific requirements or questions you have regarding our work management needs?

Thanks,

Alan Williams
Sales Manager
King, Stewart and Delgado

--------------------------------------------------------------------------------------------------------------------------------

Subject: Re: Re: Re: Inquiry from King, Stewart and Delgado - Work Management Platform Evaluation

Hi Mike and Alan,

Thank you for including me in this discussion. Mike, I'm particularly interested in understanding how Monday.com can accommodate our project management workflows, including task dependencies, resource allocation, and reporting capabilities. It would be helpful to know more about customization options and integration possibilities with our existing tools.

Additionally, I'd like to inquire about the level of support and training provided during the onboarding process to ensure a successful implementation across our teams.

Looking forward to exploring these aspects further.

Best regards,
Sarah Powers
Project Manager
King, Stewart and Delgado

--------------------------------------------------------------------------------------------------------------------------------

Subject: Re: Re: Re: Re: Inquiry from King, Stewart and Delgado - Work Management Platform Evaluation

Hi Sarah, Alan, and Mike,

Thank you for your questions and insights. Sarah, I appreciate your focus on the project management aspects, and I assure you that Monday.com offers robust features for task dependencies, resource management, and advanced reporting to support your workflows effectively.

In our upcoming call, we can delve deeper into customization options tailored to your specific requirements and discuss how Monday.com can seamlessly integrate with your current tools. Our team is dedicated to providing comprehensive support and training during the onboarding process to ensure a successful implementation that aligns with your goals.

I propose scheduling a demo to showcase the platform in action and address any remaining queries you may have. Please let me know your availability so we can coordinate a suitable time for the demo.

Looking forward to our discussion.

Best regards,
Mike Wilson
Sales Development Representative
Monday.com","[13, 3, 18, 13, 15, 8, 1]"
